id,name,tutor_id
1,Francisco Javier Chacón,1
2,Débora Eugenio Serrato,3
3,Emily Chapman,1
4,Thomas Barth,1
5,Guenter Biggen,4
6,John Moore,3
7,Mark Wheeler,2
8,Danielle Bradley,4
9,Rhys Abbott,3
10,Michael Fry,3
11,Ronald Brown,4
12,Carol Lucas,1
13,Joe Armstrong-Anderson,1
14,Declan Jones,3
15,José Carlos Meza,3
16,Kaja Fita,4
17,Megan Gonzalez,3
18,Sara Phillips,1
19,Grace Allen,1
20,Katalin Keudel,3
21,Tilman Speer,4
22,Timoteo Mascareñas,1
23,Mateo Salinas,1
24,Krystian Hołota,1
25,Jean Butcher,2
26,Ali Klingelhöfer,3
27,Teresa Francisca Avilés,4
28,Abraham Crespo Segura,2
29,Angel Daniela Véliz,4
30,Jakub Czerniec,4
31,Kyle Potter,3
32,Tim Beckmann,2
33,Tania Villagómez,2
34,Tanya Harris,4
35,Doris Mentzel,4
36,Francisco Madrigal,1
37,Kathryn Hubbard,3
38,Ricky Whitehouse,2
39,Julio César Ocampo,3
40,Angelika Błażejczak,2
41,Terry Parsons,3
42,Fiona Berry,2
43,Artur Gromala,4
44,Rozalia Kulon,1
45,Dominic Williamson,3
46,Joe Kirby,3
47,Anke Tröst,3
48,Uriel Pablo Casárez,3
49,Rosita Stroh,3
50,Ian Robinson,1
51,Samuel Jones-Duffy,3
52,Dominik Tecław,2
53,Carmen Escobar,2
54,Yvonne Davies,3
55,Ashleigh Wright-Campbell,2
56,Carla Villagómez,3
57,Evan Carroll,1
58,Danny Smith,4
59,Mariano Solís,1
60,Larry Coleman,3
61,Henni Schwital,4
62,Douglas Smith,2
63,Knut Weitzel,1
64,Paweł Rurarz,4
65,Micha Höfig,2
66,Sean Anderson-Ryan,2
67,Susan Williams,2
68,Joshua Bell,4
69,Martyn Lees,1
70,Stefan Ptok,4
71,Catherine Garcia,3
72,Ellie Harrison,4
73,Rodney Garcia,3
74,Blanca Garay,3
75,Marianna Smoczyk,3
76,Owen Bryant-Barnes,2
77,Leonardo Sevilla,3
78,Piotr Prochownik,4
79,Piotr Rzeszut,4
80,Jaime Montenegro,4
81,Rosa Segovia de León,1
82,James Johnson,2
83,Dagmara Furgała,4
84,Lia Flantz,4
85,Luka Pruschke-Ziegert,3
86,Cyprian Dorynek,3
87,Fanny Reuter-Jacob,1
